USE Ntesle

INSERT INTO Customer
VALUES 
	('CS001', 'Jonathan', '+6281294466571', 'Duri Kencana VI'),
	('CS002', 'Gregorius', '+62812421421', 'Jl Buncit Raya 49,Kalibata'),
	('CS003', 'Caroline', '+6281398523831', 'Jl Prapanca Buntu 14 C'),
	('CS004', 'Angeline', '+6283897353888', 'Jl Maulana Yusuf 8'),
	('CS005', 'Efendi', '+62812123123', 'Jl Panglima Polim Raya 45,Melawai'),
	('CS006', 'Ivan', '+62865478954', 'Ngagel Jaya Tengah VI no 7'),
	('CS007', 'Calvin', '+628878756624', 'Jl Pegangsaan Indah Brt Kompl Pondok Gading Utama Bl C/33,Pegangsaan Dua'),
	('CS008', 'Felicia', '+628477778745', 'Central Plaza (1st Floor), 231, Senpara Parbata'),
	('CS009', 'Vivian', '+628678412547', 'Jl.D-4 No. 8 Kel. Kebon Baru Kec. Tebet Jakarta, Dki Jakarta'),
	('CS010', 'Kenneth', '+6287844556698', 'Jl Daan Mogot Km 14 Bl 3-4 D/7,Cengkareng Barat'),
	('CS011', 'Jordan', '+62878558995', 'Jl WR Supratman 88, Jawa Barat'),
	('CS012', 'Joerish', '+62844722356', 'jl. asem 4/12'),
	('CS013', 'Mario', '+62847874578', 'Jl RA Kartini 26 Ventura Bldg Lt 8,Cilandak Barat'),
	('CS014', 'Stefani', '+62844722356', 'Ruko Kranggan Permai Blok Rt. 17 No. 28, Jati Sampurna, Jawa Barat'),
	('CS015', 'Maria', '+62815555298', 'Jl Teratai Utama Bl F/1 Kompl Tanjung Barat Indah,Tanjung Barat'),
	('CS016', 'Naruto', '+62878555104', 'Lambang Jaya, Tambun Selatan, Jawa Barat'),
	('CS017', 'Sasuke', '+62878555824', 'Jl Jend Gatot Subroto Kav 56 Ged Adhi Graha Lt 4,6-11,Kuningan Timur'),
	('CS018', 'Adrian', '+62838555121', 'Suryacipta City Of Industry, Jl. Surya Madya Kav A7'),
	('CS019', 'Tyler', '+62898555437', 'Jl HOS Cokroaminoto 2,Dokter Sutomo'),
	('CS020', 'Yonathan', '+62838555407', 'Jl.Taman Sentosa Indah II blok A2 no.16, Cikarang'),
	('CS021', 'Hendra', '+62844545442', 'Jl.Kampus Selatan 169'),
	('CS022', 'Yoel', '+62854541214', 'Jl Wolter Mongonsidi 63-B One Wolter Place Lt 2,Melawai'),
	('CS023', 'Tony', '+628778445', 'Jl Meruya Ilir Raya Intercon Plaza Bl D/6,Srengseng'),
	('CS024', 'Andika', '+6289920634', 'Jl Jend A Yani 2 Perk Pulomas Satu Ged 5 Lt 2 Ruang 3,Kayu Putih'),
	('CS025', 'Kevin', '+6285256305203', 'Jl Jend Sudirman Kav 75 Wisma Bumiputera Lt 4,Setiabudi')
GO

INSERT INTO Staff
VALUES
	('ST001', 'Cindy', 'Female','+621389445723', '10 January 1995','5000000'),
	('ST002', 'Budy', 'Male', '+621276244382', '25 February 1994','5000000'),
	('ST003', 'Lara', 'Female', '+621387644572', '2 January 1995','2000000'),
	('ST004', 'Roni', 'Male', '+622186455390', '15 March 1994','4000000'),
	('ST005', 'Canita', 'Female', '+621398778098', '11 June 1993','6000000'),
	('ST006', 'Riki', 'Male', '+622198722316', '22 April 1995','5000000'),
	('ST007', 'Lita', 'Female', '+622209845720', '25 August 1995','2200000'),
	('ST008', 'Josua', 'Male', '+621387621098', '2 December 1998','1000000'),
	('ST009', 'Linda', 'Female', '+622178439800', '19 September 1999','1000000'),
	('ST010', 'Matthew', 'Male', '+621309246172', '30 May 1991','8000000')
GO

INSERT INTO Supplier
VALUES 
	('SU001', 'Rudy', '+625350524', 'Jl Arteri Kelapa Dua II Bl B/40,Kebon Jeruk'),
	('SU002', 'Aliong', '+625711850', 'Jl Jend Sudirman Kav 29-31 Wisma Metropolitan I Lt 3 12920'),
	('SU003', 'Teddy', '+6252900252', 'Patra Jasa Tower 17th Floor Suite 1705, Jl. Jend. Gatot Subroto Kav.32-34 Jakarta 12950'),
	('SU004', 'Vivi', '+628812667', 'Jl Jend Sudirman Kav 61-62 Ged Summitmas 1 Lt 21,Senayan'),
	('SU005', 'Susan', '+625252773', 'Jl.Taman Sentosa Indah II blok A2 no.16, Cikarang'),
	('SU006', 'Antony', '+6289920634', 'Jl Tanah Abang III 15 Graha Astri Aniela Anggun,Petojo Selatan'),
	('SU007', 'Kevin', '+623524818', 'Jl Letjen South Parman Kav 76 Wisma Calindra Lt 3'),
	('SU008', 'Sostro', '+622305588', 'Jl Imam Bonjol 61 Plaza Bumi Daya Lt 11,Menteng'),
	('SU009', 'Sugiarto', '+625350524', 'Jl Jend Sudirman Kav 32 Intiland Tower Lt 6,Karet Tengsin'),
	('SU010', 'Hartono', '+622512688', 'Jl Jembatan Tiga Raya 5AH, Jawa Barat'),
	('SU011', 'Susti', '+6282190622754', 'Jl Pasar Minggu Raya Kav 34 Graha Sucofindo Lt 15,Kalibata'),
	('SU012', 'Agung', '+6287983666', 'Jl Gn Sahari Raya 2 Ruko Marinatama Bl F/12,Pademangan Barat'),
	('SU013', 'Olivia', '+6286457473', 'Jl Danau Sunter Utr II Bl G-2/24 14350'),
	('SU014', 'Naomi', '+6286405416', 'Jl KH Hasyim Ashari 125 Pus Niaga Roxy Mas Bl D-4/15,Cideng'),
	('SU015', 'Chika', '+628878787795', 'Jl Duri mas 12 No 21')
GO

INSERT INTO ProductType
VALUES
	('PT001', 'Biscuits'),
	('PT002', 'Milk'),
	('PT003', 'Vitamin'),
	('PT004', 'Pet Food'),
	('PT005', 'Coffee'),
	('PT006', 'Mineral Water'),
	('PT007', 'Noodle'),
	('PT008', 'Cereals'),
	('PT009', 'Frozen Food'),
	('PT010', 'Candy')
GO

INSERT INTO Product
VALUES
	('PD001', 'PT001', 'Tango', '10000', '1 May 2021'),
	('PD002', 'PT002', 'Ultra Milk', '5000', '1 January 2021'),
	('PD003', 'PT003', 'Vitacimin', '15000', '12 June 2021'),
	('PD004', 'PT004', 'Himalaya', '20000', '1 May 2021'),
	('PD005', 'PT005', 'Americano', '25000', '2 May 2021'),
	('PD006', 'PT006', 'Le Minerale', '10000', '5 January 2021'),
	('PD007', 'PT007', 'Indomie', '5000', '8 April 2021'),
	('PD008', 'PT008', 'Granola', '30000', '20 July 2021'),
	('PD009', 'PT009', 'Fiesta', '35000', '1 May 2021'),
	('PD010', 'PT010', 'Lolipop', '12000', '22 May 2021')

GO

INSERT INTO HeaderSalesTransaction 
VALUES
	('SL001','ST001','CS001','2021-01-03'),
	('SL002','ST002','CS002','2021-01-17'),
	('SL003','ST003','CS003','2021-01-25'),
	('SL004','ST004','CS004','2021-02-14'),
	('SL005','ST005','CS005','2021-02-20'),
	('SL006','ST006','CS006','2021-02-27'),
	('SL007','ST007','CS007','2021-03-16'),
	('SL008','ST008','CS008','2021-03-27'),
	('SL009','ST009','CS009','2021-04-02'),
	('SL010','ST010','CS010','2021-05-02'),
	('SL011','ST001','CS001','2021-05-05'),
	('SL012','ST002','CS002','2021-05-09'),
	('SL013','ST003','CS003','2021-05-10'),
	('SL014','ST004','CS004','2021-05-15'),
	('SL015','ST005','CS005','2021-05-16')
GO

INSERT INTO DetailSalesTransaction
VALUES
	('SL001', 'PD001', '20'),
	('SL001', 'PD002', '95'),
	('SL002', 'PD002', '55'),
	('SL002', 'PD003', '100'),
	('SL003', 'PD003', '30'),
	('SL003', 'PD001', '110'),
	('SL004', 'PD004', '50'),
	('SL004', 'PD001', '120'),
	('SL005', 'PD001', '130'),
	('SL005', 'PD005', '40'),
	('SL006', 'PD001', '140'),
	('SL006', 'PD006', '35'),
	('SL006', 'PD007', '70'),
	('SL007', 'PD001', '145'),
	('SL007', 'PD007', '30'),
	('SL007', 'PD008', '75'),
	('SL008', 'PD008', '45'),
	('SL008', 'PD009', '80'),
	('SL008', 'PD010', '150'),
	('SL009', 'PD009', '20'),
	('SL009', 'PD010', '85'),
	('SL010', 'PD010', '30'),
	('SL010', 'PD001', '90'),
	('SL011', 'PD001', '25'),
	('SL012', 'PD002', '40'),
	('SL013', 'PD003', '50'),
	('SL014', 'PD004', '60'),
	('SL015', 'PD005', '65')
GO

INSERT INTO Ingredient 
VALUES
	('IG001','Tepung Terigu','50000','2024'),
	('IG002','Susu','90000','2023'),
	('IG003','Vitamin C','120000','2024'),
	('IG004','Beras','130000','2023'),
	('IG005','Kopi Bubuk','80000','2024'),
	('IG006','Air','30000','2023'),
	('IG007','Tepung Tapioka','90000','2023'),
	('IG008','Vanilla Extract','120000','2024'),
	('IG009','Daging Ayam','150000','2023'),
	('IG010','Gula','70000','2024')
GO

INSERT INTO HeaderPurchaseTransaction
VALUES
	('PU001', 'ST001', 'SU001', '06-06-21'),
	('PU002', 'ST002', 'SU002', '06-06-21'),
	('PU003', 'ST003', 'SU003', '06-06-21'),
	('PU004', 'ST004', 'SU004', '06-06-21'),
	('PU005', 'ST005', 'SU005', '06-06-21'),
	('PU006', 'ST006', 'SU006', '06-06-21'),
	('PU007', 'ST007', 'SU007', '06-06-21'),
	('PU008', 'ST008', 'SU008', '06-06-21'),
	('PU009', 'ST009', 'SU009', '06-06-21'),
	('PU010', 'ST010', 'SU010', '06-06-21'),
	('PU011', 'ST001', 'SU011', '06-06-21'),
    ('PU012', 'ST002', 'SU012', '06-06-21'),
	('PU013', 'ST003', 'SU013', '06-06-21'),
	('PU014', 'ST004', 'SU014', '06-06-21'),
	('PU015', 'ST005', 'SU015', '06-06-21')
GO

INSERT INTO DetailPurchaseTransaction
VALUES
	('PU001', 'IG001', '20'),
	('PU001', 'IG002', '60'),
	('PU001', 'IG003', '20'),
	('PU002', 'IG003', '50'),
	('PU002', 'IG005', '10'),
	('PU002', 'IG006', '30'),
	('PU002', 'IG007', '15'),
	('PU003', 'IG001', '100'),
	('PU004', 'IG002', '25'),
	('PU005', 'IG004', '40'),
	('PU006', 'IG008', '35'),
	('PU006', 'IG009', '20'),
	('PU006', 'IG010', '70'),
	('PU007', 'IG007', '80'),
	('PU007', 'IG003', '120'),
	('PU008', 'IG005', '20'),
	('PU008', 'IG006', '20'),
	('PU009', 'IG007', '45'),
	('PU010', 'IG009', '65'),
	('PU011', 'IG009', '85'),
	('PU012', 'IG008', '95'),
	('PU013', 'IG002', '120'),
	('PU013', 'IG003', '90'),
	('PU014', 'IG003', '35'),
	('PU015', 'IG005', '75')

